-- Generation time: Wed, 29 Apr 2020 16:37:20 +0000
-- Host: mysql.hostinger.ro
-- DB name: u574849695_24
/*!40030 SET NAMES UTF8 */;
/*!40101 SET @OLD_CHARACTER_SET_CLIENT=@@CHARACTER_SET_CLIENT */;
/*!40101 SET @OLD_CHARACTER_SET_RESULTS=@@CHARACTER_SET_RESULTS */;
/*!40101 SET @OLD_COLLATION_CONNECTION=@@COLLATION_CONNECTION */;
/*!40103 SET @OLD_TIME_ZONE=@@TIME_ZONE */;
/*!40103 SET TIME_ZONE='+00:00' */;
/*!40014 SET @OLD_UNIQUE_CHECKS=@@UNIQUE_CHECKS, UNIQUE_CHECKS=0 */;
/*!40014 SET @OLD_FOREIGN_KEY_CHECKS=@@FOREIGN_KEY_CHECKS, FOREIGN_KEY_CHECKS=0 */;
/*!40101 SET @OLD_SQL_MODE=@@SQL_MODE, SQL_MODE='NO_AUTO_VALUE_ON_ZERO' */;
/*!40111 SET @OLD_SQL_NOTES=@@SQL_NOTES, SQL_NOTES=0 */;

create database library;
use library;

DROP TABLE IF EXISTS `Author`;
CREATE TABLE `Author` (
  `id` int(10) unsigned NOT NULL AUTO_INCREMENT,
  `day_birth` date DEFAULT NULL,
  `day_death` date DEFAULT NULL,
  `country_birth` varchar(255) COLLATE utf8_unicode_ci NOT NULL DEFAULT '',
  `full_name` varchar(255) COLLATE utf8_unicode_ci NOT NULL DEFAULT '',
  PRIMARY KEY (`id`)
) ENGINE=InnoDB AUTO_INCREMENT=21 DEFAULT CHARSET=utf8 COLLATE=utf8_unicode_ci;

INSERT INTO `Author` VALUES ('1','1981-10-21','1973-09-29','Iceland','Taya Swift'),
('2','2015-03-12','1996-10-25','Turkmenistan','Merl Kassulke'),
('3','1970-03-27','1982-03-31','Sweden','Cleo Jacobi'),
('4','1978-01-11','2011-12-08','Samoa','Carol Roberts'),
('5','2004-02-23','2004-02-29','Samoa','Scottie Gutkowski'),
('6','1983-09-25','2018-08-23','Mauritania','Dominic West'),
('7','2009-05-14','1983-03-23','Peru','Adolphus Hoeger MD'),
('8','1993-02-23','1994-07-04','Malaysia','Shana Walsh'),
('9','2005-10-28','1991-05-17','San Marino','Hoyt Kassulke'),
('10','1989-11-07','1983-05-03','Austria','Prof. Jarod Steuber MD'),
('11','1972-06-07','1995-12-28','Austria','Brayan Weber'),
('12','2019-06-19','1973-03-20','Tunisia','Dr. Aleen DuBuque II'),
('13','2001-08-14','2011-01-19','Syrian Arab Republic','Thalia Stamm'),
('14','1981-10-12','2002-04-20','Bangladesh','Merl Collins'),
('15','2003-03-22','1980-01-09','Niue','Abby Zemlak'),
('16','2002-03-04','1974-11-30','Equatorial Guinea','Vivien Mitchell'),
('17','2016-03-10','1983-05-11','Mauritius','Maud Wisozk'),
('18','1999-09-04','1997-02-11','Cote d\'Ivoire','Justina Hickle'),
('19','2005-05-09','1993-06-30','Cambodia','Eloise Stoltenberg'),
('20','1970-01-13','1986-07-04','Saint Martin','Deion Treutel'); 


DROP TABLE IF EXISTS `Author2Shelf`;
CREATE TABLE `Author2Shelf` (
  `author_id` int(10) unsigned NOT NULL,
  `shelf_id` int(10) unsigned NOT NULL,
  KEY `author_id` (`author_id`),
  KEY `shelf_id` (`shelf_id`),
  CONSTRAINT `Author2Shelf_ibfk_1` FOREIGN KEY (`author_id`) REFERENCES `Author` (`id`),
  CONSTRAINT `Author2Shelf_ibfk_2` FOREIGN KEY (`shelf_id`) REFERENCES `Shelf` (`id`)
) ENGINE=InnoDB DEFAULT CHARSET=utf8 COLLATE=utf8_unicode_ci;

INSERT INTO `Author2Shelf` VALUES ('1','1'),
('2','2'),
('3','3'),
('4','4'),
('5','5'),
('6','6'),
('7','7'),
('8','8'),
('9','9'),
('10','10'),
('11','11'),
('12','12'),
('13','13'),
('14','14'),
('15','15'),
('16','16'),
('17','17'),
('18','18'),
('19','19'),
('20','20'); 


DROP TABLE IF EXISTS `Book`;
CREATE TABLE `Book` (
  `id` int(10) unsigned NOT NULL AUTO_INCREMENT,
  `author_id` int(10) unsigned NOT NULL,
  `category_id` int(10) unsigned NOT NULL,
  `shelf_id` int(10) unsigned NOT NULL,
  `year` smallint(6) NOT NULL DEFAULT 0,
  `name` varchar(255) COLLATE utf8_unicode_ci NOT NULL DEFAULT '',
  PRIMARY KEY (`id`),
  KEY `author_id` (`author_id`),
  KEY `category_id` (`category_id`),
  KEY `shelf_id` (`shelf_id`),
  CONSTRAINT `Book_ibfk_1` FOREIGN KEY (`author_id`) REFERENCES `Author` (`id`),
  CONSTRAINT `Book_ibfk_2` FOREIGN KEY (`category_id`) REFERENCES `Category` (`id`),
  CONSTRAINT `Book_ibfk_3` FOREIGN KEY (`shelf_id`) REFERENCES `Shelf` (`id`)
) ENGINE=InnoDB AUTO_INCREMENT=201 DEFAULT CHARSET=utf8 COLLATE=utf8_unicode_ci;

INSERT INTO `Book` VALUES ('1','1','1','1','2015','Hank Brown'),
('2','2','2','2','1989','Chris Kub'),
('3','3','3','3','2000','Darwin Ondricka'),
('4','4','4','4','2015','Prof. Amie Greenfelder II'),
('5','5','5','5','1971','Joshua Krajcik'),
('6','6','6','6','2004','Cicero Denesik'),
('7','7','7','7','1990','Jaclyn Green'),
('8','8','8','8','1990','Miss Freida Sauer'),
('9','9','9','9','2004','Nelson Bernier'),
('10','10','10','10','1980','Leone Borer'),
('11','11','1','11','2006','Dr. Lloyd Hirthe Jr.'),
('12','12','2','12','2001','Nona Bogisich'),
('13','13','3','13','1999','Yazmin Rempel'),
('14','14','4','14','1987','Brycen Robel'),
('15','15','5','15','1975','Mr. Delbert Koch II'),
('16','16','6','16','2004','Roman Corkery'),
('17','17','7','17','2008','Prof. Alessia Deckow'),
('18','18','8','18','2009','Kaya Eichmann'),
('19','19','9','19','2013','Harry Greenfelder'),
('20','20','10','20','2002','Dr. Alisha Kirlin V'),
('21','1','1','21','1984','Melvina Rice'),
('22','2','2','22','1992','Kole Will PhD'),
('23','3','3','23','2010','Helen Balistreri'),
('24','4','4','24','2013','Elliott Stark'),
('25','5','5','25','1991','Vinnie Glover'),
('26','6','6','26','1977','Effie Harvey'),
('27','7','7','27','2009','Kraig Sanford III'),
('28','8','8','28','2002','Bernardo Padberg'),
('29','9','9','29','1983','Christiana Cole'),
('30','10','10','30','1976','Mrs. Elinor Swift DVM'),
('31','11','1','31','1980','Nyah Hoppe'),
('32','12','2','32','1982','Marcel O\'Kon'),
('33','13','3','33','1977','Guy Muller'),
('34','14','4','34','2006','Catalina Roberts V'),
('35','15','5','35','2015','Delta Price'),
('36','16','6','36','2001','Wilton Cremin'),
('37','17','7','37','1997','Wilburn Emmerich'),
('38','18','8','38','2010','Mr. Claude Johnson'),
('39','19','9','39','2017','Mrs. Aditya Mohr DDS'),
('40','20','10','40','1978','Dr. Clement Anderson DDS'),
('41','1','1','1','2007','Hosea Weimann'),
('42','2','2','2','1993','Katheryn Hessel V'),
('43','3','3','3','2020','Mrs. Willie Ernser'),
('44','4','4','4','1983','Hillary Ritchie'),
('45','5','5','5','2002','Kim Sanford'),
('46','6','6','6','1971','Rosamond Bailey PhD'),
('47','7','7','7','2005','Rebekah Koch DDS'),
('48','8','8','8','2019','Virgil Kertzmann'),
('49','9','9','9','1992','Mr. Santa Corkery'),
('50','10','10','10','1976','Benedict Breitenberg'),
('51','11','1','11','1988','Hettie Morissette'),
('52','12','2','12','2004','Jalon Prosacco'),
('53','13','3','13','2019','Dr. Wilhelmine Torphy'),
('54','14','4','14','1972','Dr. Scot Nicolas'),
('55','15','5','15','1974','Ardith Osinski'),
('56','16','6','16','2004','Laila Wintheiser'),
('57','17','7','17','1972','Hortense Kutch'),
('58','18','8','18','2008','Dr. Kiera Kautzer'),
('59','19','9','19','1984','Dr. Alexys Grady DVM'),
('60','20','10','20','1999','Mr. Madisen Bogan IV'),
('61','1','1','21','2019','Geo Collins'),
('62','2','2','22','2010','Donato Gislason'),
('63','3','3','23','2004','Serena Langosh Jr.'),
('64','4','4','24','1998','Cristal Haag'),
('65','5','5','25','1993','Aurelie Baumbach'),
('66','6','6','26','1974','Wanda Parisian'),
('67','7','7','27','1988','Forrest Breitenberg'),
('68','8','8','28','1978','Mohamed Cassin'),
('69','9','9','29','1981','Mr. Reggie Effertz Sr.'),
('70','10','10','30','1998','Rahsaan Koelpin MD'),
('71','11','1','31','1985','Kiera Hauck V'),
('72','12','2','32','1971','Alisha Dickinson'),
('73','13','3','33','2008','Dr. Ora Williamson MD'),
('74','14','4','34','1993','Faye Bradtke I'),
('75','15','5','35','1982','Prof. Lucious Schmidt'),
('76','16','6','36','1998','Miss Cordie Armstrong DVM'),
('77','17','7','37','2013','Ms. Bernadine Langworth'),
('78','18','8','38','2001','Amira Weber'),
('79','19','9','39','1999','Mr. Dereck Turner Sr.'),
('80','20','10','40','1994','Cortney Goyette II'),
('81','1','1','1','1971','Ward Leuschke'),
('82','2','2','2','2006','Pink McDermott'),
('83','3','3','3','2009','Prof. Darwin Breitenberg I'),
('84','4','4','4','2014','Alysha Morissette Jr.'),
('85','5','5','5','1984','Zelda Franecki PhD'),
('86','6','6','6','2013','Prof. Casandra Kassulke'),
('87','7','7','7','1986','Michele Kerluke'),
('88','8','8','8','1981','Cristal Gaylord DDS'),
('89','9','9','9','1993','Ms. Joyce Huel III'),
('90','10','10','10','2017','Deanna Cremin'),
('91','11','1','11','1991','Dr. Luella Lang Sr.'),
('92','12','2','12','1977','Dr. Elias Buckridge Jr.'),
('93','13','3','13','1978','Winfield Erdman'),
('94','14','4','14','1993','Harold Hegmann'),
('95','15','5','15','2019','Kitty Satterfield'),
('96','16','6','16','1996','Dr. Edd Stehr'),
('97','17','7','17','1970','Prof. Trey Paucek'),
('98','18','8','18','1985','Nia Moen'),
('99','19','9','19','2017','Matteo Stark'),
('100','20','10','20','1996','Adrianna White MD'),
('101','1','1','21','1981','Makayla Ritchie'),
('102','2','2','22','2002','Lorenzo Gottlieb'),
('103','3','3','23','2015','Dr. Rachelle Marvin'),
('104','4','4','24','1984','Maude Gaylord'),
('105','5','5','25','2006','Mariano Renner'),
('106','6','6','26','2006','Orlo Dach'),
('107','7','7','27','2001','Dr. Abbigail Dietrich'),
('108','8','8','28','2006','Beatrice Volkman Sr.'),
('109','9','9','29','1975','Dr. Karine Jast DDS'),
('110','10','10','30','1992','Vicente Lemke'),
('111','11','1','31','1977','Dr. Jerald Sauer'),
('112','12','2','32','1991','Cody Abbott'),
('113','13','3','33','1982','Lysanne Kihn'),
('114','14','4','34','2002','Bruce Weber'),
('115','15','5','35','2005','Junior Ankunding PhD'),
('116','16','6','36','2017','Miss Beatrice Kuhlman'),
('117','17','7','37','1988','Eudora Braun'),
('118','18','8','38','2018','Matilda Aufderhar'),
('119','19','9','39','1975','Keira Mitchell'),
('120','20','10','40','1997','Miss Georgiana Marks'),
('121','1','1','1','2001','Lina Sporer'),
('122','2','2','2','1992','Destin O\'Connell'),
('123','3','3','3','1982','Prof. Mabelle Buckridge'),
('124','4','4','4','2013','Mertie Auer'),
('125','5','5','5','1997','Gabriel Pfeffer'),
('126','6','6','6','2013','Ellis Bauch'),
('127','7','7','7','2013','Una Strosin'),
('128','8','8','8','2008','Mr. Darrel Balistreri'),
('129','9','9','9','1975','Armand Lindgren Jr.'),
('130','10','10','10','1997','Miss Noemy Collier II'),
('131','11','1','11','1981','Gladys Robel'),
('132','12','2','12','1993','Arnulfo Kemmer II'),
('133','13','3','13','1982','Antonette Bashirian'),
('134','14','4','14','2006','Ardella Stiedemann'),
('135','15','5','15','2000','Justina Lebsack'),
('136','16','6','16','2002','Dr. Curt Rowe'),
('137','17','7','17','1987','Mr. August Gottlieb'),
('138','18','8','18','2008','Isaac Gusikowski'),
('139','19','9','19','1991','Mr. Miles Gibson'),
('140','20','10','20','1974','Immanuel Jakubowski Jr.'),
('141','1','1','21','2015','Elena Beier'),
('142','2','2','22','1999','Domenica Bosco'),
('143','3','3','23','2008','Miss Dessie Bogisich'),
('144','4','4','24','1997','Lexie Padberg'),
('145','5','5','25','1970','Dr. Hayden Wisoky'),
('146','6','6','26','1994','Anissa VonRueden'),
('147','7','7','27','1991','Yoshiko Daugherty'),
('148','8','8','28','2019','Melyna Stanton'),
('149','9','9','29','1999','Skyla Jones'),
('150','10','10','30','1994','Johnny McCullough'),
('151','11','1','31','2011','Dariana Blick'),
('152','12','2','32','1987','Jack Kihn DVM'),
('153','13','3','33','2011','Miss Susan Kuvalis'),
('154','14','4','34','1977','Ransom Cormier'),
('155','15','5','35','2011','Zander Feil II'),
('156','16','6','36','1981','Dr. Jaqueline Schaden DVM'),
('157','17','7','37','1971','Chelsie Schulist'),
('158','18','8','38','1979','Mrs. Georgiana Dach II'),
('159','19','9','39','2015','Darby Heathcote'),
('160','20','10','40','1975','Opal O\'Conner'),
('161','1','1','1','1970','Julio Franecki'),
('162','2','2','2','1992','Verona Ankunding'),
('163','3','3','3','1985','Prof. Cleveland Cummerata'),
('164','4','4','4','1980','Rachelle Crona'),
('165','5','5','5','2002','Verona Douglas'),
('166','6','6','6','1997','Dr. Hadley Pfannerstill'),
('167','7','7','7','1984','Wilton Yost'),
('168','8','8','8','2012','Ron Howe'),
('169','9','9','9','1976','Miss Orie Nolan'),
('170','10','10','10','2012','Keanu Okuneva'),
('171','11','1','11','1978','Crystel Daniel'),
('172','12','2','12','2015','Miss Jazmyne Willms II'),
('173','13','3','13','1997','Dr. Idella Gislason'),
('174','14','4','14','1995','Brian Gulgowski Sr.'),
('175','15','5','15','2006','Selmer Roberts'),
('176','16','6','16','1984','Elyssa McKenzie'),
('177','17','7','17','2005','Mr. Silas Skiles MD'),
('178','18','8','18','1988','Enrique Schowalter'),
('179','19','9','19','1987','Harley Breitenberg'),
('180','20','10','20','1994','Miss Mafalda Hoeger'),
('181','1','1','21','1994','Marjolaine Roob'),
('182','2','2','22','1981','Molly Moore'),
('183','3','3','23','1991','Lewis Bins'),
('184','4','4','24','2016','Ms. Bethany Walsh Jr.'),
('185','5','5','25','2012','Anahi Auer'),
('186','6','6','26','1971','Dr. Olaf Runolfsdottir'),
('187','7','7','27','1982','Prof. Boyd Johns'),
('188','8','8','28','1984','Daphne O\'Keefe MD'),
('189','9','9','29','1981','Philip Feil'),
('190','10','10','30','1991','Mr. Gardner Farrell'),
('191','11','1','31','1983','Trace Stokes'),
('192','12','2','32','1992','Wilma Buckridge'),
('193','13','3','33','1982','Jacinthe Barrows'),
('194','14','4','34','2014','Austin Padberg'),
('195','15','5','35','1991','Lessie Shanahan'),
('196','16','6','36','1986','Lauren Gibson'),
('197','17','7','37','1991','Mr. Nikko Schmidt'),
('198','18','8','38','2012','Nathanial Cronin'),
('199','19','9','39','2004','Fritz Schaden'),
('200','20','10','40','2009','Kasandra Tremblay Jr.'); 


DROP TABLE IF EXISTS `BookOut`;
CREATE TABLE `BookOut` (
  `book_id` int(10) unsigned NOT NULL,
  `library_card_id` int(10) unsigned NOT NULL,
  `librarian_id` int(10) unsigned NOT NULL,
  `date_till` date DEFAULT NULL,
  KEY `book_id` (`book_id`),
  KEY `library_card_id` (`library_card_id`),
  KEY `librarian_id` (`librarian_id`),
  CONSTRAINT `BookOut_ibfk_1` FOREIGN KEY (`book_id`) REFERENCES `Book` (`id`),
  CONSTRAINT `BookOut_ibfk_2` FOREIGN KEY (`library_card_id`) REFERENCES `LibraryCard` (`id`),
  CONSTRAINT `BookOut_ibfk_3` FOREIGN KEY (`librarian_id`) REFERENCES `Librarian` (`id`)
) ENGINE=InnoDB DEFAULT CHARSET=utf8 COLLATE=utf8_unicode_ci;

INSERT INTO `BookOut` VALUES ('1','1','1','1989-09-30'),
('2','2','2','1986-05-09'),
('3','3','3','1976-07-17'),
('4','4','4','1984-04-14'),
('5','5','5','2002-11-26'),
('6','6','6','1974-07-21'),
('7','7','7','2006-08-23'),
('8','8','1','2019-01-22'),
('9','9','2','1970-12-30'),
('10','10','3','1987-07-13'),
('11','11','4','2003-10-26'),
('12','12','5','2010-04-15'),
('13','13','6','1994-12-16'),
('14','14','7','1976-10-05'),
('15','15','1','2010-07-19'),
('16','16','2','2013-04-02'),
('17','17','3','2018-07-24'),
('18','18','4','1977-09-21'),
('19','19','5','1977-09-10'),
('20','20','6','1991-05-07'); 


DROP TABLE IF EXISTS `Category`;
CREATE TABLE `Category` (
  `id` int(10) unsigned NOT NULL AUTO_INCREMENT,
  `name` varchar(255) COLLATE utf8_unicode_ci NOT NULL DEFAULT '',
  PRIMARY KEY (`id`)
) ENGINE=InnoDB AUTO_INCREMENT=11 DEFAULT CHARSET=utf8 COLLATE=utf8_unicode_ci;

INSERT INTO `Category` VALUES ('1','sit'),
('2','nihil'),
('3','tenetur'),
('4','est'),
('5','vel'),
('6','suscipit'),
('7','qui'),
('8','unde'),
('9','saepe'),
('10','cupiditate'); 


DROP TABLE IF EXISTS `Category2Shelf`;
CREATE TABLE `Category2Shelf` (
  `shelf_id` int(10) unsigned NOT NULL,
  `category_id` int(10) unsigned NOT NULL,
  KEY `shelf_id` (`shelf_id`),
  KEY `category_id` (`category_id`),
  CONSTRAINT `Category2Shelf_ibfk_1` FOREIGN KEY (`shelf_id`) REFERENCES `Shelf` (`id`),
  CONSTRAINT `Category2Shelf_ibfk_2` FOREIGN KEY (`category_id`) REFERENCES `Category` (`id`)
) ENGINE=InnoDB DEFAULT CHARSET=utf8 COLLATE=utf8_unicode_ci;

INSERT INTO `Category2Shelf` VALUES ('1','1'),
('2','2'),
('3','3'),
('4','4'),
('5','5'),
('6','6'),
('7','7'),
('8','8'),
('9','9'),
('10','10'),
('11','1'),
('12','2'),
('13','3'),
('14','4'),
('15','5'); 


DROP TABLE IF EXISTS `Event`;
CREATE TABLE `Event` (
  `id` int(10) unsigned NOT NULL AUTO_INCREMENT,
  `date_start` date DEFAULT NULL,
  `orgaizer_id` int(10) unsigned NOT NULL,
  `name` varchar(255) COLLATE utf8_unicode_ci NOT NULL DEFAULT '',
  `description` mediumtext COLLATE utf8_unicode_ci DEFAULT NULL,
  PRIMARY KEY (`id`),
  KEY `orgaizer_id` (`orgaizer_id`),
  CONSTRAINT `Event_ibfk_1` FOREIGN KEY (`orgaizer_id`) REFERENCES `Librarian` (`id`)
) ENGINE=InnoDB AUTO_INCREMENT=8 DEFAULT CHARSET=utf8 COLLATE=utf8_unicode_ci;

INSERT INTO `Event` VALUES ('1','2007-12-03','1','inventore','Beatae voluptatem molestiae praesentium modi. Nihil aut sed mollitia eligendi pariatur et sed. Laboriosam aut ea animi reiciendis magni unde ea.'),
('2','2014-02-14','2','odit','Similique inventore totam facere ut sed. Doloribus asperiores necessitatibus et laudantium unde rerum tempora. Magni minima rerum temporibus.'),
('3','1991-10-29','3','velit','Maxime distinctio qui error dolor ipsa. Non dignissimos aperiam ea voluptatem. Ea occaecati quibusdam veniam quis. Ipsam enim sint quis. Nemo dignissimos nisi voluptates consequatur.'),
('4','2009-06-22','4','culpa','Eligendi fugiat vel saepe facere. Expedita distinctio ullam officiis nam iure. Suscipit quibusdam quia et sit magnam.'),
('5','1990-06-25','5','iure','Non sed maiores eaque ipsam est qui dolores non. Quasi totam aliquid ex qui vitae tenetur. Sed aperiam accusamus explicabo velit dignissimos consequuntur itaque.'),
('6','2007-11-21','6','praesentium','Consequatur est occaecati non aut ad. Incidunt itaque aut temporibus et. Itaque deleniti earum non est. Et est harum qui aut magnam dolor.'),
('7','2013-07-09','7','nostrum','Qui sunt quia architecto hic omnis ut at. Quos consequatur quia sed incidunt qui omnis. Aspernatur sint debitis nulla nihil alias. Placeat et quidem rerum deleniti autem.'); 


DROP TABLE IF EXISTS `Librarian`;
CREATE TABLE `Librarian` (
  `id` int(10) unsigned NOT NULL AUTO_INCREMENT,
  `work_start_day` date DEFAULT NULL,
  `work_end_day` date DEFAULT NULL,
  `fullname` varchar(255) COLLATE utf8_unicode_ci NOT NULL DEFAULT '',
  PRIMARY KEY (`id`)
) ENGINE=InnoDB AUTO_INCREMENT=8 DEFAULT CHARSET=utf8 COLLATE=utf8_unicode_ci;

INSERT INTO `Librarian` VALUES ('1','2000-09-03','1987-05-10','Mr. Aron Bednar DVM'),
('2','2014-03-16','2007-03-19','Dr. Christian Deckow PhD'),
('3','2004-09-06','1997-10-20','Rosanna Rodriguez'),
('4','1988-08-25','1972-11-29','Raoul Vandervort'),
('5','1992-07-28','1979-07-09','Sydnee Cormier'),
('6','1972-08-30','1972-08-10','Dr. Olen Brown'),
('7','1995-07-19','1971-07-25','Liam Eichmann PhD'); 


DROP TABLE IF EXISTS `LibraryCard`;
CREATE TABLE `LibraryCard` (
  `id` int(10) unsigned NOT NULL AUTO_INCREMENT,
  `full_name` varchar(255) COLLATE utf8_unicode_ci NOT NULL DEFAULT '',
  `day_birth` date DEFAULT NULL,
  PRIMARY KEY (`id`)
) ENGINE=InnoDB AUTO_INCREMENT=51 DEFAULT CHARSET=utf8 COLLATE=utf8_unicode_ci;

INSERT INTO `LibraryCard` VALUES ('1','Ms. Marie Gaylord MD','1995-12-16'),
('2','Barrett Hudson I','1993-08-21'),
('3','Lisandro Ernser MD','1982-04-23'),
('4','Norene Crist','2007-04-14'),
('5','Armando Torp','2008-06-20'),
('6','Jon Barrows','1979-02-13'),
('7','Bulah Sawayn','2009-07-23'),
('8','Jaylen Welch Jr.','2019-01-08'),
('9','Gianni Watsica','1985-06-14'),
('10','Ona Stehr','1980-07-25'),
('11','Dion Bergstrom','1998-04-25'),
('12','Cleora Toy','1988-08-31'),
('13','Chanelle Paucek','2003-04-16'),
('14','Zetta Sporer','1996-12-18'),
('15','Chanelle Padberg','1980-04-16'),
('16','Prof. Dewitt Altenwerth','1993-10-30'),
('17','Dorthy Padberg','1993-07-22'),
('18','Ross Barton','2014-03-27'),
('19','Ellen Brown','1972-03-31'),
('20','Enoch Purdy','1979-09-22'),
('21','Crawford Kuhn','2012-02-04'),
('22','Rickie Hyatt','1995-02-27'),
('23','Dr. Corrine Graham','2004-06-01'),
('24','Lester Hamill','1973-09-16'),
('25','Marcella Emard PhD','1991-12-27'),
('26','Reid Bergnaum','2013-06-17'),
('27','Ole Pfannerstill','1976-06-04'),
('28','Dustin Russel','2020-04-16'),
('29','Jaunita Murazik','1980-01-17'),
('30','Mrs. Annetta D\'Amore','1976-08-10'),
('31','Columbus Ullrich','1985-06-21'),
('32','Santos Kris Jr.','2009-10-30'),
('33','Ivah Simonis','1981-03-22'),
('34','Dr. Dalton Cartwright','1982-09-17'),
('35','Anna Littel II','1979-12-26'),
('36','Lonny Halvorson','1987-12-24'),
('37','Shannon Spencer MD','1984-01-12'),
('38','Bettie Beatty','2009-12-31'),
('39','Prof. Madalyn Gerlach','2016-02-18'),
('40','Lucio Aufderhar','2000-05-16'),
('41','Mr. Paul Casper','2010-03-30'),
('42','Ayden Lesch','1972-07-27'),
('43','Lizeth Stanton DDS','2015-11-20'),
('44','Rosalinda Streich DDS','2006-02-16'),
('45','Dr. Moses Rolfson III','1971-06-07'),
('46','Leilani Zulauf','2001-04-01'),
('47','Jake Cremin Sr.','1996-03-30'),
('48','Dan Cole','2019-10-21'),
('49','Aliya Schaefer','2000-09-17'),
('50','Fae Kunde','2004-11-23'); 


DROP TABLE IF EXISTS `Shelf`;
CREATE TABLE `Shelf` (
  `id` int(10) unsigned NOT NULL AUTO_INCREMENT,
  `position` varchar(255) COLLATE utf8_unicode_ci DEFAULT NULL,
  PRIMARY KEY (`id`)
) ENGINE=InnoDB AUTO_INCREMENT=41 DEFAULT CHARSET=utf8 COLLATE=utf8_unicode_ci;

INSERT INTO `Shelf` VALUES ('1','NE'),
('2','IL'),
('3','AR'),
('4','TX'),
('5','IA'),
('6','WI'),
('7','IN'),
('8','SD'),
('9','ID'),
('10','AL'),
('11','DC'),
('12','AL'),
('13','MT'),
('14','TN'),
('15','IL'),
('16','HI'),
('17','TN'),
('18','NV'),
('19','NV'),
('20','NY'),
('21','LA'),
('22','NJ'),
('23','ID'),
('24','NV'),
('25','AK'),
('26','AR'),
('27','SC'),
('28','VT'),
('29','IN'),
('30','RI'),
('31','MA'),
('32','NE'),
('33','FL'),
('34','WA'),
('35','NE'),
('36','MN'),
('37','MN'),
('38','IN'),
('39','WI'),
('40','WY'); 




/*!40101 SET SQL_MODE=@OLD_SQL_MODE */;
/*!40014 SET FOREIGN_KEY_CHECKS=@OLD_FOREIGN_KEY_CHECKS */;
/*!40014 SET UNIQUE_CHECKS=@OLD_UNIQUE_CHECKS */;
/*!40101 SET CHARACTER_SET_CLIENT=@OLD_CHARACTER_SET_CLIENT */;
/*!40101 SET CHARACTER_SET_RESULTS=@OLD_CHARACTER_SET_RESULTS */;
/*!40101 SET COLLATION_CONNECTION=@OLD_COLLATION_CONNECTION */;
/*!40111 SET SQL_NOTES=@OLD_SQL_NOTES */;
