-- Generation time: Wed, 06 May 2020 16:38:21 +0000
-- Host: mysql.hostinger.ro
-- DB name: u574849695_20
/*!40030 SET NAMES UTF8 */;
/*!40101 SET @OLD_CHARACTER_SET_CLIENT=@@CHARACTER_SET_CLIENT */;
/*!40101 SET @OLD_CHARACTER_SET_RESULTS=@@CHARACTER_SET_RESULTS */;
/*!40101 SET @OLD_COLLATION_CONNECTION=@@COLLATION_CONNECTION */;
/*!40103 SET @OLD_TIME_ZONE=@@TIME_ZONE */;
/*!40103 SET TIME_ZONE='+00:00' */;
/*!40014 SET @OLD_UNIQUE_CHECKS=@@UNIQUE_CHECKS, UNIQUE_CHECKS=0 */;
/*!40014 SET @OLD_FOREIGN_KEY_CHECKS=@@FOREIGN_KEY_CHECKS, FOREIGN_KEY_CHECKS=0 */;
/*!40101 SET @OLD_SQL_MODE=@@SQL_MODE, SQL_MODE='NO_AUTO_VALUE_ON_ZERO' */;
/*!40111 SET @OLD_SQL_NOTES=@@SQL_NOTES, SQL_NOTES=0 */;

create database library;
use library;

DROP TABLE IF EXISTS `Author`;
CREATE TABLE `Author` (
  `id` int(10) unsigned NOT NULL AUTO_INCREMENT,
  `day_birth` date DEFAULT NULL,
  `day_death` date DEFAULT NULL,
  `country_birth` varchar(255) COLLATE utf8_unicode_ci NOT NULL DEFAULT '',
  `full_name` varchar(255) COLLATE utf8_unicode_ci NOT NULL DEFAULT '',
  PRIMARY KEY (`id`)
) ENGINE=InnoDB AUTO_INCREMENT=51 DEFAULT CHARSET=utf8 COLLATE=utf8_unicode_ci;

CREATE index Author_fullname on Author(full_name);

INSERT INTO `Author` VALUES ('1','1974-01-08','1985-11-22','Jersey','Fidel Bruen'),
('2','2006-05-24','2013-01-26','Argentina','Jaleel Simonis'),
('3','1975-09-28','1975-09-14','Ecuador','Elroy O\'Connell II'),
('4','1975-09-10','1975-11-10','Nicaragua','Benton Connelly V'),
('5','2006-01-20','2017-06-06','Cameroon','Birdie Feil'),
('6','1972-09-02','1971-11-25','Korea','Mr. Carroll Bartoletti I'),
('7','1985-07-10','2016-04-29','Kiribati','Mr. Aurelio Gutmann PhD'),
('8','1991-08-19','1990-03-25','Finland','Prof. Sydnie Funk PhD'),
('9','2003-02-05','2013-10-13','Colombia','Elmira Stokes'),
('10','2002-06-12','2013-02-10','Algeria','Mrs. Elisabeth Lesch PhD'),
('11','1991-11-21','1982-06-27','Chad','Holden Kautzer'),
('12','1989-02-25','1987-07-11','Reunion','Prof. Brendon Heller'),
('13','1996-10-05','1974-02-08','San Marino','Laura Streich Jr.'),
('14','1981-09-12','2014-03-12','Denmark','Mrs. Neva Lowe Jr.'),
('15','2008-03-27','1981-11-18','Guam','Mr. Madisen Jenkins'),
('16','1988-02-01','1986-07-01','United Kingdom','Alexander Littel'),
('17','2005-11-10','2006-10-11','Saint Kitts and Nevis','Mrs. Linnie Kertzmann'),
('18','2009-10-17','1999-05-26','Malaysia','Dr. Zackery Shields Sr.'),
('19','1993-06-19','1982-07-20','Mauritania','Miss Sienna Friesen Jr.'),
('20','1996-09-22','2007-12-10','Sri Lanka','Prof. Torrance Hermann'),
('21','1997-12-17','2016-04-27','Guyana','Grace Reinger V'),
('22','1975-07-06','2014-09-20','Liechtenstein','Mr. Kody Runolfsdottir Jr.'),
('23','2009-08-19','1992-01-23','Malta','Jaydon Fay'),
('24','1993-04-10','1973-10-01','Canada','Willy Keeling'),
('25','1986-02-09','2015-06-03','Ethiopia','Kaelyn Davis Jr.'),
('26','1982-05-12','2005-07-29','Uzbekistan','Bailee Johnston'),
('27','1991-06-10','2018-09-02','Libyan Arab Jamahiriya','Baby Reilly'),
('28','1996-04-23','1978-09-07','Syrian Arab Republic','Halle Windler'),
('29','1999-10-05','1979-07-04','Falkland Islands (Malvinas)','Lincoln Powlowski Jr.'),
('30','1997-01-21','1990-07-30','Sao Tome and Principe','Mr. Luis Lang'),
('31','2011-01-12','2010-12-31','Macedonia','Dr. Geoffrey Sanford'),
('32','1977-11-06','1996-08-27','Argentina','Duane Ledner I'),
('33','1999-01-20','1981-08-03','Botswana','Pat Cremin'),
('34','1990-08-14','1992-07-11','Mali','Prof. Gregory Konopelski'),
('35','1970-10-01','2005-01-02','Bulgaria','Dr. Linwood D\'Amore Sr.'),
('36','1981-02-25','2014-11-16','Bermuda','Brenden Barton'),
('37','2007-12-05','1999-09-11','Grenada','Cory Zieme'),
('38','1989-11-14','2017-01-17','Montserrat','Sheridan Funk'),
('39','1990-06-13','1985-10-05','Eritrea','Theo Schumm'),
('40','2012-09-17','2008-11-18','Christmas Island','Rosa Wisozk'),
('41','1998-07-14','1974-11-25','Eritrea','Keara Roob'),
('42','2007-02-17','1982-10-02','Western Sahara','Jaylan Wilderman'),
('43','2015-05-07','2007-08-15','Benin','Prof. Jeff Bode MD'),
('44','1980-03-18','1990-02-14','French Southern Territories','Devyn Hauck DVM'),
('45','2003-02-11','2016-09-27','Portugal','Jamel Beer'),
('46','1971-07-04','2012-06-16','Cocos (Keeling) Islands','Brody Murphy DVM'),
('47','2003-08-25','2009-11-17','Botswana','Miss Ardella Hilll Jr.'),
('48','1980-01-15','1987-10-05','British Virgin Islands','Ms. Luisa Sauer Jr.'),
('49','1979-11-04','1978-06-20','British Virgin Islands','Missouri Reichert Sr.'),
('50','1985-05-22','2010-06-15','Micronesia','Valentina Flatley'); 


DROP TABLE IF EXISTS `Book`;
CREATE TABLE `Book` (
  `id` int(10) unsigned NOT NULL AUTO_INCREMENT,
  `author_id` int(10) unsigned NOT NULL,
  `category_id` int(10) unsigned NOT NULL,
  `shelf_id` int(10) unsigned NOT NULL,
  `year` smallint(6) NOT NULL DEFAULT 0,
  `name` varchar(255) COLLATE utf8_unicode_ci NOT NULL DEFAULT '',
  PRIMARY KEY (`id`),
  KEY `author_id` (`author_id`),
  KEY `category_id` (`category_id`),
  KEY `shelf_id` (`shelf_id`),
  CONSTRAINT `Book_ibfk_1` FOREIGN KEY (`author_id`) REFERENCES `Author` (`id`),
  CONSTRAINT `Book_ibfk_2` FOREIGN KEY (`category_id`) REFERENCES `Category` (`id`),
  CONSTRAINT `Book_ibfk_3` FOREIGN KEY (`shelf_id`) REFERENCES `Shelf` (`id`)
) ENGINE=InnoDB AUTO_INCREMENT=201 DEFAULT CHARSET=utf8 COLLATE=utf8_unicode_ci;

CREATE index Book_name on Book(name);
CREATE index Book_category on Book(category_id);

INSERT INTO `Book` VALUES ('1','1','1','1','2017','vel'),
('2','2','2','2','1972','quia'),
('3','3','3','3','1975','voluptates'),
('4','4','4','4','1980','esse'),
('5','5','5','5','2019','laboriosam'),
('6','6','6','6','1982','rerum'),
('7','7','7','7','2016','quis'),
('8','8','8','8','1981','qui'),
('9','9','9','9','1983','ut'),
('10','10','10','10','2013','rem'),
('11','11','1','11','2019','et'),
('12','12','2','12','2019','eaque'),
('13','13','3','13','1978','nisi'),
('14','14','4','14','2016','dicta'),
('15','15','5','15','1997','libero'),
('16','16','6','16','2012','id'),
('17','17','7','17','2007','unde'),
('18','18','8','18','2000','sed'),
('19','19','9','19','1970','asperiores'),
('20','20','10','20','2014','autem'),
('21','21','1','21','1987','accusantium'),
('22','22','2','22','2012','hic'),
('23','23','3','23','1982','dolore'),
('24','24','4','24','2007','consectetur'),
('25','25','5','25','2012','quaerat'),
('26','26','6','26','2016','consequatur'),
('27','27','7','27','2008','molestias'),
('28','28','8','28','2019','non'),
('29','29','9','29','1996','voluptas'),
('30','30','10','30','2009','ipsa'),
('31','31','1','31','2019','ab'),
('32','32','2','32','2009','dolorem'),
('33','33','3','33','2007','quisquam'),
('34','34','4','34','2002','aut'),
('35','35','5','35','1981','vel'),
('36','36','6','36','1996','omnis'),
('37','37','7','37','2018','ut'),
('38','38','8','38','2007','voluptatibus'),
('39','39','9','39','1995','nesciunt'),
('40','40','10','40','1996','ad'),
('41','41','1','41','1980','deleniti'),
('42','42','2','42','1973','velit'),
('43','43','3','43','1980','esse'),
('44','44','4','44','1995','omnis'),
('45','45','5','45','1979','molestias'),
('46','46','6','46','2002','autem'),
('47','47','7','47','2010','eum'),
('48','48','8','48','2017','fuga'),
('49','49','9','49','1997','sequi'),
('50','50','10','50','2009','sit'),
('51','1','1','1','1988','molestias'),
('52','2','2','2','2001','quia'),
('53','3','3','3','2013','reprehenderit'),
('54','4','4','4','1998','similique'),
('55','5','5','5','1987','assumenda'),
('56','6','6','6','1982','quis'),
('57','7','7','7','1986','est'),
('58','8','8','8','2017','omnis'),
('59','9','9','9','1995','asperiores'),
('60','10','10','10','1990','sit'),
('61','11','1','11','1974','aspernatur'),
('62','12','2','12','1971','eum'),
('63','13','3','13','2000','vitae'),
('64','14','4','14','2006','pariatur'),
('65','15','5','15','2015','animi'),
('66','16','6','16','2002','autem'),
('67','17','7','17','2007','facere'),
('68','18','8','18','1984','mollitia'),
('69','19','9','19','1983','est'),
('70','20','10','20','1996','dolorem'),
('71','21','1','21','2003','sint'),
('72','22','2','22','1980','cumque'),
('73','23','3','23','1977','nemo'),
('74','24','4','24','2008','placeat'),
('75','25','5','25','1988','ad'),
('76','26','6','26','1989','dolor'),
('77','27','7','27','1988','nobis'),
('78','28','8','28','1974','aliquam'),
('79','29','9','29','2014','recusandae'),
('80','30','10','30','2006','recusandae'),
('81','31','1','31','1978','blanditiis'),
('82','32','2','32','1988','exercitationem'),
('83','33','3','33','1975','necessitatibus'),
('84','34','4','34','1996','mollitia'),
('85','35','5','35','1989','ducimus'),
('86','36','6','36','1981','blanditiis'),
('87','37','7','37','2009','ullam'),
('88','38','8','38','1982','voluptas'),
('89','39','9','39','2005','et'),
('90','40','10','40','1996','earum'),
('91','41','1','41','1994','ad'),
('92','42','2','42','2011','quia'),
('93','43','3','43','2017','incidunt'),
('94','44','4','44','1980','voluptas'),
('95','45','5','45','2007','facere'),
('96','46','6','46','1972','unde'),
('97','47','7','47','2010','eius'),
('98','48','8','48','1972','corrupti'),
('99','49','9','49','1985','est'),
('100','50','10','50','1994','itaque'),
('101','1','1','1','2004','rerum'),
('102','2','2','2','1989','nihil'),
('103','3','3','3','1996','quis'),
('104','4','4','4','1997','et'),
('105','5','5','5','1982','optio'),
('106','6','6','6','1977','recusandae'),
('107','7','7','7','1990','dolores'),
('108','8','8','8','1988','quaerat'),
('109','9','9','9','1988','doloribus'),
('110','10','10','10','1999','dolore'),
('111','11','1','11','1972','numquam'),
('112','12','2','12','1972','dolores'),
('113','13','3','13','2015','iste'),
('114','14','4','14','1986','nostrum'),
('115','15','5','15','2011','quisquam'),
('116','16','6','16','2007','necessitatibus'),
('117','17','7','17','2016','quaerat'),
('118','18','8','18','2000','eos'),
('119','19','9','19','1975','provident'),
('120','20','10','20','1994','aut'),
('121','21','1','21','1971','voluptatem'),
('122','22','2','22','1991','et'),
('123','23','3','23','1992','laudantium'),
('124','24','4','24','1994','omnis'),
('125','25','5','25','1982','praesentium'),
('126','26','6','26','1998','repellendus'),
('127','27','7','27','1988','non'),
('128','28','8','28','2018','pariatur'),
('129','29','9','29','1991','porro'),
('130','30','10','30','2000','libero'),
('131','31','1','31','2019','sint'),
('132','32','2','32','2012','quia'),
('133','33','3','33','2006','est'),
('134','34','4','34','2005','repellat'),
('135','35','5','35','2004','sed'),
('136','36','6','36','2011','doloremque'),
('137','37','7','37','2016','velit'),
('138','38','8','38','2007','rerum'),
('139','39','9','39','2015','eveniet'),
('140','40','10','40','2019','in'),
('141','41','1','41','1996','exercitationem'),
('142','42','2','42','1991','temporibus'),
('143','43','3','43','2013','quibusdam'),
('144','44','4','44','2016','quis'),
('145','45','5','45','1989','ut'),
('146','46','6','46','2002','enim'),
('147','47','7','47','1998','doloremque'),
('148','48','8','48','2013','accusamus'),
('149','49','9','49','2002','non'),
('150','50','10','50','1986','quae'),
('151','1','1','1','1998','omnis'),
('152','2','2','2','1999','perferendis'),
('153','3','3','3','1989','dicta'),
('154','4','4','4','2019','ipsam'),
('155','5','5','5','1985','vitae'),
('156','6','6','6','2008','et'),
('157','7','7','7','1970','velit'),
('158','8','8','8','2002','iure'),
('159','9','9','9','1991','distinctio'),
('160','10','10','10','1978','molestias'),
('161','11','1','11','2016','beatae'),
('162','12','2','12','1992','aut'),
('163','13','3','13','2008','ipsum'),
('164','14','4','14','1996','veniam'),
('165','15','5','15','1975','voluptatibus'),
('166','16','6','16','2009','inventore'),
('167','17','7','17','1982','voluptates'),
('168','18','8','18','2000','voluptatem'),
('169','19','9','19','2008','in'),
('170','20','10','20','2012','voluptas'),
('171','21','1','21','1988','iusto'),
('172','22','2','22','2004','ea'),
('173','23','3','23','1977','dolores'),
('174','24','4','24','1999','quia'),
('175','25','5','25','1990','culpa'),
('176','26','6','26','2008','non'),
('177','27','7','27','2011','rerum'),
('178','28','8','28','1990','velit'),
('179','29','9','29','1979','quod'),
('180','30','10','30','1992','rerum'),
('181','31','1','31','1985','placeat'),
('182','32','2','32','2014','voluptas'),
('183','33','3','33','1984','eligendi'),
('184','34','4','34','1989','rerum'),
('185','35','5','35','2018','vel'),
('186','36','6','36','1986','et'),
('187','37','7','37','1979','dicta'),
('188','38','8','38','2014','laudantium'),
('189','39','9','39','1993','excepturi'),
('190','40','10','40','1973','facilis'),
('191','41','1','41','2020','dolor'),
('192','42','2','42','2004','et'),
('193','43','3','43','1988','eos'),
('194','44','4','44','1997','doloremque'),
('195','45','5','45','1984','sunt'),
('196','46','6','46','1996','accusantium'),
('197','47','7','47','1984','officiis'),
('198','48','8','48','2001','inventore'),
('199','49','9','49','1977','sint'),
('200','50','10','50','2010','et'); 


DROP TABLE IF EXISTS `BookOut`;
CREATE TABLE `BookOut` (
  `book_id` int(10) unsigned NOT NULL,
  `library_card_id` int(10) unsigned NOT NULL,
  `librarian_id` int(10) unsigned NOT NULL,
  `date_till` date DEFAULT NULL,
  KEY `book_id` (`book_id`),
  KEY `library_card_id` (`library_card_id`),
  KEY `librarian_id` (`librarian_id`),
  CONSTRAINT `BookOut_ibfk_1` FOREIGN KEY (`book_id`) REFERENCES `Book` (`id`),
  CONSTRAINT `BookOut_ibfk_2` FOREIGN KEY (`library_card_id`) REFERENCES `LibraryCard` (`id`),
  CONSTRAINT `BookOut_ibfk_3` FOREIGN KEY (`librarian_id`) REFERENCES `Librarian` (`id`)
) ENGINE=InnoDB DEFAULT CHARSET=utf8 COLLATE=utf8_unicode_ci;

INSERT INTO `BookOut` VALUES ('1','1','1','1994-09-15'),
('2','2','2','1990-03-20'),
('3','3','3','2000-11-01'),
('4','4','4','1986-07-20'),
('5','5','5','1978-09-13'),
('6','6','1','1988-12-01'),
('7','7','2','1977-11-24'),
('8','8','3','1986-02-10'),
('9','9','4','1971-08-24'),
('10','10','5','1979-07-26'),
('11','11','1','2009-09-07'),
('12','12','2','2006-10-03'),
('13','13','3','2019-05-27'),
('14','14','4','1976-10-03'),
('15','15','5','1978-06-29'),
('16','16','1','1976-11-13'),
('17','17','2','2003-08-30'),
('18','18','3','2002-06-20'),
('19','19','4','1990-03-29'),
('20','20','5','1995-08-22'); 


DROP TABLE IF EXISTS `Category`;
CREATE TABLE `Category` (
  `id` int(10) unsigned NOT NULL AUTO_INCREMENT,
  `name` varchar(255) COLLATE utf8_unicode_ci NOT NULL DEFAULT '',
  PRIMARY KEY (`id`)
) ENGINE=InnoDB AUTO_INCREMENT=11 DEFAULT CHARSET=utf8 COLLATE=utf8_unicode_ci;

INSERT INTO `Category` VALUES ('1','vitae'),
('2','est'),
('3','voluptatem'),
('4','et'),
('5','sit'),
('6','et'),
('7','nihil'),
('8','officiis'),
('9','provident'),
('10','quam'); 


DROP TABLE IF EXISTS `Dept`;
CREATE TABLE `Dept` (
  `id` int(10) unsigned NOT NULL AUTO_INCREMENT,
  `library_card_id` int(10) unsigned NOT NULL,
  `amount` int(11) NOT NULL DEFAULT 11,
  PRIMARY KEY (`id`),
  KEY `library_card_id` (`library_card_id`),
  CONSTRAINT `Dept_ibfk_1` FOREIGN KEY (`library_card_id`) REFERENCES `LibraryCard` (`id`)
) ENGINE=InnoDB AUTO_INCREMENT=6 DEFAULT CHARSET=utf8 COLLATE=utf8_unicode_ci;

INSERT INTO `Dept` VALUES ('1','1','262'),
('2','2','186'),
('3','3','458'),
('4','4','423'),
('5','5','352'); 


DROP TABLE IF EXISTS `Event`;
CREATE TABLE `Event` (
  `id` int(10) unsigned NOT NULL AUTO_INCREMENT,
  `date_start` date DEFAULT NULL,
  `organizer_id` int(10) unsigned NOT NULL,
  `name` varchar(255) COLLATE utf8_unicode_ci NOT NULL DEFAULT '',
  `description` mediumtext COLLATE utf8_unicode_ci DEFAULT NULL,
  PRIMARY KEY (`id`),
  KEY `organizer_id` (`organizer_id`),
  CONSTRAINT `Event_ibfk_1` FOREIGN KEY (`organizer_id`) REFERENCES `Librarian` (`id`)
) ENGINE=InnoDB AUTO_INCREMENT=11 DEFAULT CHARSET=utf8 COLLATE=utf8_unicode_ci;

INSERT INTO `Event` VALUES ('1','1994-11-07','1','debitis','Tenetur quidem quia sequi dignissimos rem sit. Id beatae et voluptas dolores provident. Impedit itaque quis ut repellendus sit dolor. Dignissimos autem consectetur dolorem rerum repudiandae doloribus.'),
('2','2000-08-25','2','et','Voluptatem nostrum repudiandae ut pariatur. Aut molestiae quod quia voluptatem. Ut quasi temporibus necessitatibus.'),
('3','1989-11-15','3','consequatur','Est eum tempore commodi dicta dignissimos minus vel. Eum voluptatem fuga est libero esse. Qui molestiae tempore labore veniam qui omnis. Distinctio accusantium praesentium non eum.'),
('4','2010-09-21','4','deserunt','Dolorum labore veritatis reprehenderit. Quo debitis maiores sed tempore aliquid quod reiciendis placeat. Quas quo odio ut dolorem et aut veniam. Quas quidem animi ut id explicabo sed tempore quis.'),
('5','2006-12-20','5','magni','Ea ut iusto hic ipsum consectetur. Non repudiandae libero sed necessitatibus accusantium repudiandae. Rerum accusamus harum consequuntur doloribus dolorem eligendi repellendus. Eos impedit ut hic aperiam ratione.'),
('6','1976-09-20','1','et','Excepturi consequatur in omnis ratione perspiciatis excepturi. Sequi minima ipsum ex est iure non. Et at possimus laudantium recusandae. Nihil vero ut nihil ut.'),
('7','1997-08-28','2','eveniet','Fugiat voluptate alias numquam tenetur rem. Commodi sed ut dolorem optio quo earum. Et tenetur reiciendis dolor quas expedita corrupti incidunt qui. Explicabo inventore voluptate voluptas error nulla quibusdam sequi.'),
('8','2011-01-13','3','in','Consequatur blanditiis laboriosam est autem. Sit et voluptatem aut soluta temporibus. Atque quia inventore officiis magnam fugiat eligendi. Quis fugiat ducimus quas consequatur natus laboriosam nisi.'),
('9','2015-11-29','4','est','Fugiat quas velit ipsa ut quas et alias. Fuga est amet et et voluptatibus velit nulla. Reprehenderit debitis sed voluptate tenetur sapiente praesentium eligendi quis. Cumque sit repudiandae quia ipsum sed sequi repellendus.'),
('10','1988-12-30','5','temporibus','Velit expedita adipisci quia. Velit magnam voluptas minima autem eum fugit. Iusto cupiditate veritatis quidem vitae reprehenderit et et quod. Consequatur dicta explicabo doloremque adipisci laborum tempore voluptas. Molestiae rerum aut soluta quibusdam dolorum nihil beatae.'); 


DROP TABLE IF EXISTS `Librarian`;
CREATE TABLE `Librarian` (
  `id` int(10) unsigned NOT NULL AUTO_INCREMENT,
  `work_start_day` date DEFAULT NULL,
  `work_end_day` date DEFAULT NULL,
  `fullname` varchar(255) COLLATE utf8_unicode_ci NOT NULL DEFAULT '',
  PRIMARY KEY (`id`)
) ENGINE=InnoDB AUTO_INCREMENT=6 DEFAULT CHARSET=utf8 COLLATE=utf8_unicode_ci;

INSERT INTO `Librarian` VALUES ('1','1991-11-04','2006-03-03','Toney O\'Keefe'),
('2','1974-03-25','2008-09-09','Ms. Nettie Schoen III'),
('3','2009-06-28','1996-05-26','Letitia Miller'),
('4','2012-10-19','2003-05-24','Isidro Lind'),
('5','1971-06-25','1978-11-12','Toby Kuphal'); 


DROP TABLE IF EXISTS `LibraryCard`;
CREATE TABLE `LibraryCard` (
  `id` int(10) unsigned NOT NULL AUTO_INCREMENT,
  `full_name` varchar(255) COLLATE utf8_unicode_ci NOT NULL DEFAULT '',
  `day_birth` date DEFAULT NULL,
  PRIMARY KEY (`id`)
) ENGINE=InnoDB AUTO_INCREMENT=51 DEFAULT CHARSET=utf8 COLLATE=utf8_unicode_ci;

INSERT INTO `LibraryCard` VALUES ('1','Frances Schulist','2010-11-24'),
('2','Prof. Karlee Cartwright','2013-01-13'),
('3','Jared Gibson','1998-12-29'),
('4','Caden Windler MD','1994-08-15'),
('5','Deshawn Jacobi','1971-02-10'),
('6','Vernon Rolfson','2013-04-10'),
('7','Nicholaus Farrell','2014-09-22'),
('8','Renee Hilll','1989-03-30'),
('9','Sabryna Ortiz','1997-08-23'),
('10','Kevon Gibson II','1992-06-05'),
('11','Mr. Grover Considine','2000-06-23'),
('12','Ms. Nettie Sipes III','1985-02-13'),
('13','Winnifred Hoppe','2004-12-21'),
('14','Jacques Schaden','2018-02-25'),
('15','Reuben Johns','1992-11-07'),
('16','Prof. Clark Beahan MD','2014-03-31'),
('17','Gerhard Spinka','1970-08-21'),
('18','Jamarcus Okuneva','1996-06-18'),
('19','Hadley Emard','1997-12-21'),
('20','Chasity Nicolas III','1971-07-21'),
('21','Mekhi Kovacek I','2014-01-01'),
('22','Miss Queen Jaskolski I','2015-10-22'),
('23','Keshawn Gislason','2015-06-26'),
('24','Dr. Clark Bruen','1970-02-18'),
('25','Adaline Senger','2001-11-01'),
('26','Emil Murphy','2016-05-04'),
('27','Mortimer Hackett','1973-09-15'),
('28','Benjamin Wehner','1975-06-03'),
('29','Leilani Bernhard','1970-12-16'),
('30','Geovany O\'Connell','1997-09-27'),
('31','Prof. Julia Bradtke III','2010-07-28'),
('32','Prof. Joseph Little PhD','1996-01-31'),
('33','Monte Spencer','2007-03-21'),
('34','Ms. Odie Waters','2010-11-03'),
('35','Prof. Maryam Herman MD','1982-08-08'),
('36','Loyal Rempel DDS','1973-03-08'),
('37','Brooklyn Graham MD','2011-12-19'),
('38','Dr. Marcus Schuster V','2013-03-03'),
('39','Frederique Goldner','1989-01-30'),
('40','Paige O\'Hara','2010-07-01'),
('41','Mrs. Jalyn West Jr.','1991-01-30'),
('42','Claudia Morar','1970-12-04'),
('43','Lorenzo Carroll I','1997-01-28'),
('44','Dr. Toby Gutmann','2016-06-10'),
('45','Melody Wilderman IV','1993-01-09'),
('46','Prof. Emmalee Lindgren DDS','1987-11-14'),
('47','Prof. Gayle Schimmel','1992-09-20'),
('48','Malachi Macejkovic','1993-09-30'),
('49','Prof. Nelda Feeney','2005-03-15'),
('50','Lysanne Dickens','1977-06-30'); 


DROP TABLE IF EXISTS `Schedule`;
CREATE TABLE `Schedule` (
  `id` int(10) unsigned NOT NULL AUTO_INCREMENT,
  `start` date DEFAULT NULL,
  `finish` date DEFAULT NULL,
  `librarian_id` int(10) unsigned NOT NULL,
  PRIMARY KEY (`id`),
  KEY `librarian_id` (`librarian_id`),
  CONSTRAINT `Schedule_ibfk_1` FOREIGN KEY (`librarian_id`) REFERENCES `Librarian` (`id`)
) ENGINE=InnoDB AUTO_INCREMENT=101 DEFAULT CHARSET=utf8 COLLATE=utf8_unicode_ci;

INSERT INTO `Schedule` VALUES ('1','1999-09-01','2006-12-17','1'),
('2','1986-05-20','2007-01-05','2'),
('3','1984-10-16','2004-09-30','3'),
('4','1970-03-17','1973-04-29','4'),
('5','2012-03-03','1999-06-08','5'),
('6','2015-02-14','1992-06-06','1'),
('7','1979-04-26','2007-11-16','2'),
('8','1996-09-18','1972-07-04','3'),
('9','2005-08-17','2001-11-14','4'),
('10','2016-06-13','2018-01-19','5'),
('11','1979-01-23','2018-03-04','1'),
('12','1988-11-19','2005-07-09','2'),
('13','1970-02-24','1990-06-07','3'),
('14','1992-10-12','1978-01-14','4'),
('15','2017-12-02','2004-08-06','5'),
('16','1996-10-24','2018-05-28','1'),
('17','1991-09-04','2015-07-03','2'),
('18','1996-06-04','2001-07-05','3'),
('19','2005-06-19','2002-07-16','4'),
('20','2016-01-19','2012-10-28','5'),
('21','1995-10-09','2003-12-22','1'),
('22','2005-02-16','1977-09-09','2'),
('23','2018-01-31','1970-10-26','3'),
('24','2003-09-10','1970-01-13','4'),
('25','2012-09-13','2018-10-26','5'),
('26','2001-04-23','1971-08-16','1'),
('27','1992-09-10','1976-12-01','2'),
('28','1972-05-02','2015-10-18','3'),
('29','1986-07-15','2011-03-30','4'),
('30','1982-12-28','2013-08-13','5'),
('31','2015-09-16','1985-10-31','1'),
('32','1994-05-04','1982-08-06','2'),
('33','1981-02-15','2012-01-18','3'),
('34','2017-03-16','2019-04-12','4'),
('35','2019-10-24','1986-04-11','5'),
('36','2015-09-08','2007-07-02','1'),
('37','2016-01-13','2013-02-27','2'),
('38','1974-01-04','1990-10-31','3'),
('39','1993-04-21','2018-05-01','4'),
('40','1975-02-18','2018-07-13','5'),
('41','1993-05-23','1995-08-14','1'),
('42','1976-02-04','1970-01-28','2'),
('43','1994-07-07','2014-01-18','3'),
('44','1991-04-15','1981-05-26','4'),
('45','2002-06-16','2015-02-13','5'),
('46','2011-03-24','2008-06-28','1'),
('47','1990-10-27','1977-12-11','2'),
('48','1977-05-24','1977-05-17','3'),
('49','2009-04-15','1983-04-04','4'),
('50','2014-03-23','1989-03-25','5'),
('51','1993-04-18','1998-10-15','1'),
('52','1986-01-02','1992-05-29','2'),
('53','2018-08-22','1988-07-25','3'),
('54','2008-06-02','1971-12-21','4'),
('55','2004-01-16','2008-11-18','5'),
('56','2008-10-17','2005-09-25','1'),
('57','1971-01-11','2018-09-08','2'),
('58','1990-12-16','2016-01-01','3'),
('59','1974-11-24','2000-06-18','4'),
('60','1995-03-24','2006-11-11','5'),
('61','1974-04-18','1978-01-22','1'),
('62','2007-10-26','1979-07-28','2'),
('63','1993-08-13','1980-07-11','3'),
('64','1996-04-07','2004-08-12','4'),
('65','2015-11-20','1991-12-04','5'),
('66','1985-03-02','2002-09-03','1'),
('67','1978-07-28','2011-11-18','2'),
('68','2007-11-20','1978-04-26','3'),
('69','1979-07-01','2002-04-27','4'),
('70','1970-02-11','2015-10-21','5'),
('71','1970-12-25','1976-08-05','1'),
('72','2009-09-07','2018-12-27','2'),
('73','1995-08-03','1978-05-16','3'),
('74','2002-08-15','1985-08-12','4'),
('75','1989-02-27','1994-09-19','5'),
('76','2015-12-21','1995-05-15','1'),
('77','1993-02-18','1979-01-11','2'),
('78','1993-04-06','2014-04-29','3'),
('79','2004-02-23','2019-11-11','4'),
('80','2014-03-05','2017-12-09','5'),
('81','1974-06-27','1985-03-31','1'),
('82','1978-12-27','1999-09-10','2'),
('83','1992-08-11','1991-12-23','3'),
('84','1994-08-28','2018-03-16','4'),
('85','2002-04-11','1987-08-08','5'),
('86','1998-05-25','1978-01-21','1'),
('87','2002-06-16','2001-01-13','2'),
('88','1987-06-02','2005-02-05','3'),
('89','2011-01-29','2008-04-15','4'),
('90','1994-03-02','1973-05-08','5'),
('91','1982-11-19','1987-08-30','1'),
('92','1988-12-01','1970-05-17','2'),
('93','1985-11-28','1981-06-07','3'),
('94','2007-06-04','1992-04-30','4'),
('95','2017-12-09','1975-12-16','5'),
('96','1986-06-18','1987-02-05','1'),
('97','1982-11-04','2003-09-24','2'),
('98','1999-12-06','1974-10-03','3'),
('99','2009-04-08','2006-09-07','4'),
('100','1987-09-17','1992-04-07','5'); 


DROP TABLE IF EXISTS `Shelf`;
CREATE TABLE `Shelf` (
  `id` int(10) unsigned NOT NULL AUTO_INCREMENT,
  `position` varchar(255) COLLATE utf8_unicode_ci DEFAULT NULL,
  PRIMARY KEY (`id`)
) ENGINE=InnoDB AUTO_INCREMENT=51 DEFAULT CHARSET=utf8 COLLATE=utf8_unicode_ci;

INSERT INTO `Shelf` VALUES ('1','97 jj'),
('2','69 hj'),
('3','36 dj'),
('4','89 vs'),
('5','86 dh'),
('6','10 ro'),
('7','57 qz'),
('8','01 ko'),
('9','01 df'),
('10','81 mr'),
('11','90 zz'),
('12','51 aw'),
('13','14 lh'),
('14','10 ys'),
('15','41 rh'),
('16','02 os'),
('17','67 iz'),
('18','40 jh'),
('19','56 al'),
('20','13 sa'),
('21','01 ou'),
('22','49 oq'),
('23','18 cp'),
('24','19 oo'),
('25','89 vk'),
('26','29 et'),
('27','09 wr'),
('28','20 dz'),
('29','66 ps'),
('30','76 vw'),
('31','09 ar'),
('32','31 id'),
('33','22 kt'),
('34','19 vs'),
('35','43 ns'),
('36','53 ds'),
('37','89 vl'),
('38','61 bt'),
('39','37 zm'),
('40','75 aa'),
('41','58 vb'),
('42','00 br'),
('43','36 ma'),
('44','17 gm'),
('45','79 nh'),
('46','79 cq'),
('47','51 py'),
('48','98 bz'),
('49','34 qz'),
('50','36 cw'); 




/*!40101 SET SQL_MODE=@OLD_SQL_MODE */;
/*!40014 SET FOREIGN_KEY_CHECKS=@OLD_FOREIGN_KEY_CHECKS */;
/*!40014 SET UNIQUE_CHECKS=@OLD_UNIQUE_CHECKS */;
/*!40101 SET CHARACTER_SET_CLIENT=@OLD_CHARACTER_SET_CLIENT */;
/*!40101 SET CHARACTER_SET_RESULTS=@OLD_CHARACTER_SET_RESULTS */;
/*!40101 SET COLLATION_CONNECTION=@OLD_COLLATION_CONNECTION */;
/*!40111 SET SQL_NOTES=@OLD_SQL_NOTES */;
